ThroughPut,Standard inner diameter of digester barrel
280,0.2
281,0.2
282,0.2
283,0.2
284,0.2
285,0.2
286,0.2
287,0.2
288,0.2
289,0.2
290,0.2
291,0.2
292,0.2
293,0.2
294,0.2
295,0.2
296,0.2
297,0.2
298,0.2
299,0.2
300,0.2
301,0.2
302,0.2
303,0.2
304,0.2
305,0.2
306,0.2
307,0.2
308,0.2
309,0.2
310,0.2
311,0.2
312,0.2
313,0.2
314,0.2
315,0.2
316,0.2
317,0.2
318,0.2
319,0.2
320,0.2
321,0.2
322,0.2
323,0.2
324,0.2
325,0.2
326,0.2
327,0.2
328,0.2
329,0.2
330,0.2
331,0.2
332,0.2
333,0.2
334,0.2
335,0.2
336,0.2
337,0.2
338,0.2
339,0.2
340,0.2
341,0.2
342,0.2
343,0.2
344,0.2
345,0.2
346,0.2
347,0.2
348,0.2
349,0.2
350,0.2
351,0.2
352,0.2
353,0.2
354,0.2
355,0.2
356,0.2
357,0.2
358,0.2
359,0.2
360,0.2
361,0.2
362,0.2
363,0.2
364,0.2
365,0.2
366,0.2
367,0.2
368,0.2
369,0.2
370,0.2
371,0.2
372,0.2
373,0.2
374,0.2
375,0.2
376,0.2
377,0.2
378,0.2
379,0.2
380,0.2
381,0.2
382,0.2
383,0.2
384,0.2
385,0.2
386,0.2
387,0.2
388,0.2
389,0.2
390,0.2
391,0.2
392,0.2
393,0.2
394,0.2
395,0.2
396,0.2
397,0.2
398,0.2
399,0.2
400,0.2
401,0.2
402,0.2
403,0.2
404,0.2
405,0.2
406,0.2
407,0.2
408,0.2
409,0.2
410,0.2
411,0.2
412,0.2
413,0.2
414,0.2
415,0.2
416,0.2
417,0.2
418,0.2
419,0.2
420,0.2
421,0.2
422,0.2
423,0.2
424,0.2
425,0.2
426,0.2
427,0.2
428,0.2
429,0.2
430,0.2
431,0.2
432,0.2
433,0.2
434,0.2
435,0.2
436,0.2
437,0.2
438,0.2
439,0.2
440,0.2
441,0.2
442,0.2
443,0.2
444,0.2
445,0.2
446,0.2
447,0.2
448,0.2
449,0.2
450,0.2
451,0.2
452,0.2
453,0.2
454,0.2
455,0.2
456,0.2
457,0.2
458,0.2
459,0.2
460,0.2
461,0.2
462,0.2
463,0.2
464,0.2
465,0.2
466,0.2
467,0.2
468,0.2
469,0.2
470,0.2
471,0.2
472,0.2
473,0.2
474,0.2
475,0.2
476,0.2
477,0.2
478,0.2
479,0.2
480,0.2
481,0.2
482,0.2
483,0.2
484,0.2
485,0.2
486,0.2
487,0.2
488,0.2
489,0.2
490,0.2
491,0.2
492,0.2
493,0.2
494,0.2
495,0.2
496,0.2
497,0.2
498,0.2
499,0.2
500,0.2
501,0.2
502,0.2
503,0.2
504,0.2
505,0.2
506,0.2
507,0.2
508,0.2
509,0.2
510,0.2
511,0.2
512,0.2
513,0.2
514,0.2
515,0.2
516,0.2
517,0.2
518,0.2
519,0.2
520,0.2
521,0.2
522,0.2
523,0.2
524,0.2
525,0.2
526,0.2
527,0.2
528,0.2
529,0.2
530,0.2
531,0.2
532,0.2
533,0.2
534,0.2
535,0.2
536,0.2
537,0.2
538,0.2
539,0.2
540,0.2
541,0.2
542,0.2
543,0.3
544,0.3
545,0.3
546,0.3
547,0.3
548,0.3
549,0.3
550,0.3
551,0.3
552,0.3
553,0.3
554,0.3
555,0.3
556,0.3
557,0.3
558,0.3
559,0.3
560,0.3
561,0.3
562,0.3
563,0.3
564,0.3
565,0.3
566,0.3
567,0.3
568,0.3
569,0.3
570,0.3
571,0.3
572,0.3
573,0.3
574,0.3
575,0.3
576,0.3
577,0.3
578,0.3
579,0.3
580,0.3
581,0.3
582,0.3
583,0.3
584,0.3
585,0.3
586,0.3
587,0.3
588,0.3
589,0.3
590,0.3
591,0.3
592,0.3
593,0.3
594,0.3
595,0.3
596,0.3
597,0.3
598,0.3
599,0.3
600,0.3
601,0.3
602,0.3
603,0.3
604,0.3
605,0.3
606,0.3
607,0.3
608,0.3
609,0.3
610,0.3
611,0.3
612,0.3
613,0.3
614,0.3
615,0.3
616,0.3
617,0.3
618,0.3
619,0.3
620,0.3
621,0.3
622,0.3
623,0.3
624,0.3
625,0.3
626,0.3
627,0.3
628,0.3
629,0.3
630,0.3
631,0.3
632,0.3
633,0.3
634,0.3
635,0.3
636,0.3
637,0.3
638,0.3
639,0.3
640,0.3
641,0.3
642,0.3
643,0.3
644,0.3
645,0.3
646,0.3
647,0.3
648,0.3
649,0.3
650,0.3
651,0.3
652,0.3
653,0.3
654,0.3
655,0.3
656,0.3
657,0.3
658,0.3
659,0.3
660,0.3
661,0.3
662,0.3
663,0.3
664,0.3
665,0.3
666,0.3
667,0.3
668,0.3
669,0.3
670,0.3
671,0.3
672,0.3
673,0.3
674,0.3
675,0.3
676,0.3
677,0.3
678,0.3
679,0.3
680,0.3
681,0.3
682,0.3
683,0.3
684,0.3
685,0.3
686,0.3
687,0.3
688,0.3
689,0.3
690,0.3
691,0.3
692,0.3
693,0.3
694,0.3
695,0.3
696,0.3
697,0.3
698,0.3
699,0.3
700,0.3
701,0.3
702,0.3
703,0.3
704,0.3
705,0.3
706,0.3
707,0.3
708,0.3
709,0.3
710,0.3
711,0.3
712,0.3
713,0.3
714,0.3
715,0.3
716,0.3
717,0.3
718,0.3
719,0.3
720,0.3
721,0.3
722,0.3
723,0.3
724,0.3
725,0.3
726,0.3
727,0.3
728,0.3
729,0.3
730,0.3
731,0.3
732,0.3
733,0.3
734,0.3
735,0.3
736,0.3
737,0.3
738,0.3
739,0.3
740,0.3
741,0.3
742,0.3
743,0.3
744,0.3
745,0.3
746,0.3
747,0.3
748,0.3
749,0.3
750,0.3
751,0.3
752,0.3
753,0.3
754,0.3
755,0.3
756,0.3
757,0.3
758,0.3
759,0.3
760,0.3
761,0.3
762,0.3
763,0.3
764,0.3
765,0.3
766,0.3
767,0.3
768,0.3
769,0.3
770,0.3
771,0.3
772,0.3
773,0.3
774,0.3
775,0.3
776,0.3
777,0.3
778,0.3
779,0.3
780,0.3
781,0.3
782,0.3
783,0.3
784,0.3
785,0.3
786,0.3
787,0.3
788,0.3
789,0.3
790,0.3
791,0.3
792,0.3
793,0.3
794,0.3
795,0.3
796,0.3
797,0.3
798,0.3
799,0.3
800,0.3
801,0.3
802,0.3
803,0.3
804,0.3
805,0.3
806,0.3
807,0.3
808,0.3
809,0.3
810,0.3
811,0.3
812,0.3
813,0.3
814,0.3
815,0.3
816,0.3
817,0.3
818,0.3
819,0.3
820,0.3
821,0.3
822,0.3
823,0.3
824,0.3
825,0.3
826,0.3
827,0.3
828,0.3
829,0.3
830,0.3
831,0.3
832,0.3
833,0.3
834,0.3
835,0.3
836,0.3
837,0.3
838,0.3
839,0.3
840,0.3
841,0.3
842,0.3
843,0.3
844,0.3
845,0.3
846,0.3
847,0.3
848,0.3
849,0.3
850,0.3
851,0.3
852,0.3
853,0.3
854,0.3
855,0.3
856,0.3
857,0.3
858,0.3
859,0.3
860,0.3
861,0.3
862,0.3
863,0.3
864,0.3
865,0.3
866,0.3
867,0.3
868,0.3
869,0.3
870,0.3
871,0.3
872,0.3
873,0.3
874,0.3
875,0.3
876,0.3
877,0.3
878,0.3
879,0.3
880,0.3
881,0.3
882,0.3
883,0.3
884,0.3
885,0.3
886,0.3
887,0.3
888,0.3
889,0.3
890,0.3
891,0.3
892,0.3
893,0.3
894,0.3
895,0.3
896,0.3
897,0.3
898,0.3
899,0.3
900,0.3
901,0.3
902,0.3
903,0.3
904,0.3
905,0.3
906,0.3
907,0.3
908,0.3
909,0.3
910,0.3
911,0.3
912,0.3
913,0.3
914,0.3
915,0.3
916,0.3
917,0.3
918,0.3
919,0.3
920,0.3
921,0.3
922,0.3
923,0.3
924,0.3
925,0.3
926,0.3
927,0.3
928,0.3
929,0.3
930,0.3
931,0.3
932,0.3
933,0.3
934,0.3
935,0.3
936,0.3
937,0.3
938,0.3
939,0.3
940,0.3
941,0.3
942,0.3
943,0.3
944,0.3
945,0.3
946,0.3
947,0.3
948,0.3
949,0.3
950,0.3
951,0.3
952,0.3
953,0.3
954,0.3
955,0.3
956,0.3
957,0.3
958,0.3
959,0.3
960,0.3
961,0.3
962,0.3
963,0.3
964,0.3
965,0.3
966,0.3
967,0.3
968,0.3
969,0.3
970,0.3
971,0.3
972,0.3
973,0.3
974,0.3
975,0.3
976,0.3
977,0.3
978,0.3
979,0.3
980,0.3
981,0.3
982,0.3
983,0.3
984,0.3
985,0.3
986,0.3
987,0.3
988,0.3
989,0.3
990,0.3
991,0.3
992,0.3
993,0.3
994,0.3
995,0.3
996,0.3
997,0.3
998,0.3
999,0.3
1000,0.3
1001,0.3
1002,0.3
1003,0.3
1004,0.3
1005,0.3
1006,0.3
1007,0.3
1008,0.3
1009,0.3
1010,0.3
1011,0.3
1012,0.3
1013,0.3
1014,0.3
1015,0.3
1016,0.3
1017,0.3
1018,0.3
1019,0.3
1020,0.3
1021,0.3
1022,0.3
1023,0.3
1024,0.3
1025,0.3
1026,0.3
1027,0.3
1028,0.3
1029,0.3
1030,0.3
1031,0.3
1032,0.3
1033,0.3
1034,0.3
1035,0.3
1036,0.3
1037,0.3
1038,0.3
1039,0.3
1040,0.3
1041,0.3
1042,0.3
1043,0.3
1044,0.3
1045,0.3
1046,0.3
1047,0.3
1048,0.3
1049,0.3
1050,0.3
1051,0.3
1052,0.3
1053,0.3
1054,0.3
1055,0.3
1056,0.3
1057,0.3
1058,0.3
1059,0.3
1060,0.3
1061,0.3
1062,0.3
1063,0.3
1064,0.3
1065,0.3
1066,0.3
1067,0.3
1068,0.3
1069,0.3
1070,0.3
1071,0.3
1072,0.3
1073,0.3
1074,0.3
1075,0.3
1076,0.3
1077,0.3
1078,0.3
1079,0.3
1080,0.3
1081,0.3
1082,0.3
1083,0.3
1084,0.3
1085,0.3
1086,0.3
1087,0.3
1088,0.3
1089,0.3
1090,0.3
1091,0.3
1092,0.3
1093,0.3
1094,0.3
1095,0.3
1096,0.3
1097,0.3
1098,0.3
1099,0.3
1100,0.3
1101,0.3
1102,0.3
1103,0.3
1104,0.3
1105,0.3
1106,0.3
1107,0.3
1108,0.3
1109,0.3
1110,0.3
1111,0.3
1112,0.3
1113,0.3
1114,0.3
1115,0.3
1116,0.3
1117,0.3
1118,0.3
1119,0.3
1120,0.3
1121,0.3
1122,0.3
1123,0.3
1124,0.3
1125,0.3
1126,0.3
1127,0.3
1128,0.3
1129,0.3
1130,0.3
1131,0.3
1132,0.3
1133,0.3
1134,0.3
1135,0.3
1136,0.3
1137,0.3
1138,0.3
1139,0.3
1140,0.3
1141,0.3
1142,0.3
1143,0.3
1144,0.3
1145,0.3
1146,0.3
1147,0.3
1148,0.3
1149,0.3
1150,0.3
1151,0.3
1152,0.3
1153,0.3
1154,0.3
1155,0.3
1156,0.3
1157,0.3
1158,0.3
1159,0.3
1160,0.3
1161,0.3
1162,0.3
1163,0.3
1164,0.3
1165,0.3
1166,0.3
1167,0.3
1168,0.3
1169,0.3
1170,0.3
1171,0.3
1172,0.3
1173,0.3
1174,0.3
1175,0.3
1176,0.3
1177,0.3
1178,0.3
1179,0.3
1180,0.3
1181,0.3
1182,0.3
1183,0.3
1184,0.3
1185,0.3
1186,0.3
1187,0.3
1188,0.3
1189,0.3
1190,0.3
1191,0.3
1192,0.3
1193,0.3
1194,0.3
1195,0.3
1196,0.3
1197,0.3
1198,0.3
1199,0.3
1200,0.3
1201,0.3
1202,0.3
1203,0.3
1204,0.3
1205,0.3
1206,0.3
1207,0.3
1208,0.3
1209,0.3
1210,0.3
1211,0.3
1212,0.3
1213,0.3
1214,0.3
1215,0.3
1216,0.3
1217,0.3
1218,0.3
1219,0.3
1220,0.3
1221,0.3
1222,0.3
1223,0.3
1224,0.3
1225,0.3
1226,0.3
1227,0.3
1228,0.3
1229,0.3
1230,0.3
1231,0.3
1232,0.3
1233,0.3
1234,0.3
1235,0.3
1236,0.3
1237,0.3
1238,0.3
1239,0.3
1240,0.3
1241,0.3
1242,0.3
1243,0.3
1244,0.3
1245,0.3
1246,0.3
1247,0.3
1248,0.3
1249,0.3
1250,0.3
1251,0.3
1252,0.3
1253,0.3
1254,0.3
1255,0.3
1256,0.3
1257,0.3
1258,0.3
1259,0.3
1260,0.3
1261,0.3
1262,0.3
1263,0.3
1264,0.3
1265,0.3
1266,0.3
1267,0.3
1268,0.3
1269,0.3
1270,0.3
1271,0.3
1272,0.3
1273,0.3
1274,0.3
1275,0.3
1276,0.3
1277,0.3
1278,0.3
1279,0.3
1280,0.3
1281,0.3
1282,0.3
1283,0.3
1284,0.3
1285,0.3
1286,0.3
1287,0.3
1288,0.3
1289,0.3
1290,0.3
1291,0.3
1292,0.3
1293,0.3
1294,0.3
1295,0.3
1296,0.3
1297,0.3
1298,0.3
1299,0.3
1300,0.3
1301,0.3
1302,0.3
1303,0.3
1304,0.3
1305,0.3
1306,0.3
1307,0.3
1308,0.3
1309,0.3
1310,0.3
1311,0.3
1312,0.3
1313,0.3
1314,0.3
1315,0.3
1316,0.3
1317,0.3
1318,0.3
1319,0.3
1320,0.3
1321,0.3
1322,0.3
1323,0.3
1324,0.3
1325,0.3
1326,0.3
1327,0.3
1328,0.3
1329,0.3
1330,0.3
1331,0.3
1332,0.3
1333,0.3
1334,0.3
1335,0.3
1336,0.3
1337,0.3
1338,0.3
1339,0.3
1340,0.3
1341,0.3
1342,0.3
1343,0.3
1344,0.3
1345,0.3
1346,0.3
1347,0.3
1348,0.3
1349,0.3
1350,0.3
1351,0.3
1352,0.3
1353,0.3
1354,0.3
1355,0.3
1356,0.3
1357,0.3
1358,0.3
1359,0.3
1360,0.3
1361,0.3
1362,0.3
1363,0.3
1364,0.3
1365,0.3
1366,0.3
1367,0.3
1368,0.3
1369,0.3
1370,0.3
1371,0.3
1372,0.3
1373,0.3
1374,0.3
1375,0.3
1376,0.3
1377,0.3
1378,0.3
1379,0.3
1380,0.3
1381,0.3
1382,0.3
1383,0.3
1384,0.3
1385,0.3
1386,0.3
1387,0.3
1388,0.3
1389,0.3
1390,0.3
1391,0.3
1392,0.3
1393,0.3
1394,0.3
1395,0.3
1396,0.3
1397,0.3
1398,0.3
1399,0.3
1400,0.3
1401,0.3
1402,0.3
1403,0.3
1404,0.3
1405,0.3
1406,0.3
1407,0.3
1408,0.3
1409,0.3
1410,0.3
1411,0.3
1412,0.3
1413,0.3
1414,0.3
1415,0.3
1416,0.3
1417,0.3
1418,0.3
1419,0.3
1420,0.3
1421,0.3
1422,0.3
1423,0.3
1424,0.3
1425,0.3
1426,0.3
1427,0.3
1428,0.3
1429,0.3
1430,0.3
1431,0.3
1432,0.3
1433,0.3
1434,0.3
1435,0.3
1436,0.3
1437,0.3
1438,0.3
1439,0.3
1440,0.3
1441,0.3
1442,0.3
1443,0.3
1444,0.3
1445,0.3
1446,0.3
1447,0.3
1448,0.3
1449,0.3
1450,0.3
1451,0.3
1452,0.3
1453,0.3
1454,0.3
1455,0.3
1456,0.3
1457,0.3
1458,0.3
1459,0.3
1460,0.3
1461,0.3
1462,0.3
1463,0.3
1464,0.3
1465,0.3
1466,0.3
1467,0.3
1468,0.3
1469,0.3
1470,0.3
1471,0.3
1472,0.3
1473,0.3
1474,0.3
1475,0.3
1476,0.3
1477,0.3
1478,0.3
1479,0.3
1480,0.3
1481,0.3
1482,0.3
1483,0.3
1484,0.3
1485,0.3
1486,0.3
1487,0.3
1488,0.3
1489,0.3
1490,0.3
1491,0.3
1492,0.3
1493,0.3
1494,0.3
1495,0.3
1496,0.3
1497,0.3
1498,0.3
1499,0.3
1500,0.3
1501,0.3
1502,0.3
1503,0.3
1504,0.3
1505,0.3
1506,0.3
1507,0.3
1508,0.3
1509,0.3
1510,0.3
1511,0.3
1512,0.3
1513,0.3
1514,0.3
1515,0.3
1516,0.3
1517,0.3
1518,0.3
1519,0.3
1520,0.3
1521,0.3
1522,0.3
1523,0.3
1524,0.3
1525,0.3
1526,0.3
1527,0.3
1528,0.3
1529,0.3
1530,0.3
1531,0.3
1532,0.3
1533,0.3
1534,0.3
1535,0.3
1536,0.3
1537,0.3
1538,0.3
1539,0.3
1540,0.3
1541,0.3
1542,0.3
1543,0.3
1544,0.3
1545,0.3
1546,0.3
1547,0.3
1548,0.3
1549,0.3
1550,0.3
1551,0.3
1552,0.3
1553,0.3
1554,0.3
1555,0.3
1556,0.3
1557,0.3
1558,0.3
1559,0.3
1560,0.3
1561,0.3
1562,0.3
1563,0.3
1564,0.3
1565,0.3
1566,0.3
1567,0.3
1568,0.3
1569,0.3
1570,0.3
1571,0.3
1572,0.3
1573,0.3
1574,0.3
1575,0.3
1576,0.3
1577,0.3
1578,0.3
1579,0.3
1580,0.3
1581,0.3
1582,0.3
1583,0.3
1584,0.3
1585,0.3
1586,0.3
1587,0.3
1588,0.3
1589,0.3
1590,0.3
1591,0.3
1592,0.3
1593,0.3
1594,0.3
1595,0.3
1596,0.3
1597,0.3
1598,0.3
1599,0.3
1600,0.3
1601,0.3
1602,0.3
1603,0.3
1604,0.3
1605,0.3
1606,0.3
1607,0.3
1608,0.3
1609,0.3
1610,0.3
1611,0.3
1612,0.3
1613,0.3
1614,0.3
1615,0.3
1616,0.3
1617,0.3
1618,0.3
1619,0.3
1620,0.3
1621,0.3
1622,0.3
1623,0.3
1624,0.3
1625,0.3
1626,0.3
1627,0.3
1628,0.3
1629,0.3
1630,0.3
1631,0.3
1632,0.3
1633,0.3
1634,0.3
1635,0.3
1636,0.3
1637,0.3
1638,0.3
1639,0.3
1640,0.3
1641,0.3
1642,0.3
1643,0.3
1644,0.3
1645,0.3
1646,0.3
1647,0.3
1648,0.3
1649,0.3
1650,0.3
1651,0.3
1652,0.3
1653,0.3
1654,0.3
1655,0.3
1656,0.3
1657,0.3
1658,0.3
1659,0.3
1660,0.3
1661,0.3
1662,0.3
1663,0.3
1664,0.3
1665,0.3
1666,0.3
1667,0.3
1668,0.3
1669,0.3
1670,0.3
1671,0.3
1672,0.3
1673,0.3
1674,0.3
1675,0.3
1676,0.3
1677,0.3
1678,0.3
1679,0.3
1680,0.3
1681,0.3
1682,0.3
1683,0.3
1684,0.3
1685,0.3
1686,0.3
1687,0.3
1688,0.3
1689,0.3
1690,0.3
1691,0.3
1692,0.3
1693,0.3
1694,0.3
1695,0.3
1696,0.3
1697,0.3
1698,0.3
1699,0.3
1700,0.3
1701,0.3
1702,0.3
1703,0.3
1704,0.3
1705,0.3
1706,0.3
1707,0.3
1708,0.3
1709,0.3
1710,0.3
1711,0.3
1712,0.3
1713,0.3
1714,0.3
1715,0.3
1716,0.3
1717,0.3
1718,0.3
1719,0.3
1720,0.3
1721,0.3
1722,0.3
1723,0.3
1724,0.3
1725,0.3
1726,0.3
1727,0.3
1728,0.3
1729,0.3
1730,0.3
1731,0.3
1732,0.3
1733,0.3
1734,0.3
1735,0.3
1736,0.3
1737,0.3
1738,0.3
1739,0.3
1740,0.3
1741,0.3
1742,0.3
1743,0.3
1744,0.3
1745,0.3
1746,0.3
1747,0.3
1748,0.3
1749,0.3
1750,0.3
1751,0.3
1752,0.3
1753,0.3
1754,0.3
1755,0.3
1756,0.3
1757,0.3
1758,0.3
1759,0.3
1760,0.3
1761,0.3
1762,0.3
1763,0.3
1764,0.3
1765,0.3
1766,0.3
1767,0.3
1768,0.3
1769,0.3
1770,0.3
1771,0.3
1772,0.3
1773,0.3
1774,0.3
1775,0.3
1776,0.3
1777,0.3
1778,0.3
1779,0.3
1780,0.3
1781,0.3
1782,0.3
1783,0.3
1784,0.3
1785,0.3
1786,0.3
1787,0.3
1788,0.3
1789,0.3
1790,0.3
1791,0.3
1792,0.3
1793,0.3
1794,0.3
1795,0.3
1796,0.3
1797,0.3
1798,0.3
1799,0.3
1800,0.3
1801,0.3
1802,0.3
1803,0.3
1804,0.3
1805,0.3
1806,0.3
1807,0.3
1808,0.3
1809,0.3
1810,0.3
1811,0.3
1812,0.3
1813,0.3
1814,0.3
1815,0.3
1816,0.3
1817,0.3
1818,0.3
1819,0.3
1820,0.3
1821,0.3
1822,0.3
1823,0.3
1824,0.3
1825,0.3
1826,0.3
1827,0.3
1828,0.3
1829,0.3
1830,0.3
1831,0.3
1832,0.3
1833,0.3
1834,0.3
1835,0.3
1836,0.3
1837,0.3
1838,0.3
1839,0.3
1840,0.3
1841,0.3
1842,0.3
1843,0.3
1844,0.3
1845,0.3
1846,0.3
1847,0.3
1848,0.3
1849,0.3
1850,0.3
1851,0.3
1852,0.3
1853,0.3
1854,0.3
1855,0.3
1856,0.3
1857,0.3
1858,0.3
1859,0.3
1860,0.3
1861,0.3
1862,0.3
1863,0.3
1864,0.3
1865,0.3
1866,0.3
1867,0.3
1868,0.3
1869,0.3
1870,0.3
1871,0.3
1872,0.3
1873,0.3
1874,0.3
1875,0.3
1876,0.3
1877,0.3
1878,0.3
1879,0.3
1880,0.3
1881,0.3
1882,0.3
1883,0.3
1884,0.3
1885,0.3
1886,0.3
1887,0.3
1888,0.3
1889,0.3
1890,0.3
1891,0.3
1892,0.3
1893,0.3
1894,0.3
1895,0.3
1896,0.3
1897,0.3
1898,0.3
1899,0.3
1900,0.3
1901,0.3
1902,0.3
1903,0.3
1904,0.3
1905,0.3
1906,0.3
1907,0.3
1908,0.3
1909,0.3
1910,0.3
1911,0.3
1912,0.3
1913,0.3
1914,0.3
1915,0.3
1916,0.3
1917,0.3
1918,0.3
1919,0.3
1920,0.3
1921,0.3
1922,0.3
1923,0.3
1924,0.3
1925,0.3
1926,0.3
1927,0.3
1928,0.3
1929,0.3
1930,0.3
1931,0.3
1932,0.3
1933,0.3
1934,0.3
1935,0.3
1936,0.3
1937,0.3
1938,0.3
1939,0.3
1940,0.3
1941,0.3
1942,0.3
1943,0.3
1944,0.3
1945,0.3
1946,0.3
1947,0.3
1948,0.3
1949,0.3
1950,0.3
1951,0.3
1952,0.3
1953,0.3
1954,0.3
1955,0.3
1956,0.3
1957,0.3
1958,0.3
1959,0.3
1960,0.3
1961,0.3
1962,0.3
1963,0.3
1964,0.3
1965,0.3
1966,0.3
1967,0.3
1968,0.3
1969,0.3
1970,0.3
1971,0.3
1972,0.3
1973,0.3
1974,0.3
1975,0.3
1976,0.3
1977,0.3
1978,0.3
1979,0.3
1980,0.3
1981,0.3
1982,0.3
1983,0.3
1984,0.3
1985,0.3
1986,0.3
1987,0.3
1988,0.3
1989,0.3
1990,0.3
1991,0.3
1992,0.3
1993,0.3
1994,0.3
1995,0.3
1996,0.3
1997,0.3
1998,0.3
1999,0.3
2000,0.3
2001,0.35
2002,0.35
2003,0.35
2004,0.35
2005,0.35
2006,0.35
2007,0.35
2008,0.35
2009,0.35
2010,0.35
2011,0.35
2012,0.35
2013,0.35
2014,0.35
2015,0.35
2016,0.35
2017,0.35
2018,0.35
2019,0.35
2020,0.35
2021,0.35
2022,0.35
2023,0.35
2024,0.35
2025,0.35
2026,0.35
2027,0.35
2028,0.35
2029,0.35
2030,0.35
2031,0.35
2032,0.35
2033,0.35
2034,0.35
2035,0.35
2036,0.35
2037,0.35
2038,0.35
2039,0.35
2040,0.35
2041,0.35
2042,0.35
2043,0.35
2044,0.35
2045,0.35
2046,0.35
2047,0.35
2048,0.35
2049,0.35
2050,0.35
2051,0.35
2052,0.35
2053,0.35
2054,0.35
2055,0.35
2056,0.35
2057,0.35
2058,0.35
2059,0.35
2060,0.35
2061,0.35
2062,0.35
2063,0.35
2064,0.35
2065,0.35
2066,0.35
2067,0.35
2068,0.35
2069,0.35
2070,0.35
2071,0.35
2072,0.35
2073,0.35
2074,0.35
2075,0.35
2076,0.35
2077,0.35
2078,0.35
2079,0.35
2080,0.35
2081,0.35
2082,0.35
2083,0.35
2084,0.35
2085,0.35
2086,0.35
2087,0.35
2088,0.35
2089,0.35
2090,0.35
2091,0.35
2092,0.35
2093,0.35
2094,0.35
2095,0.35
2096,0.35
2097,0.35
2098,0.35
2099,0.35
2100,0.35
2101,0.35
2102,0.35
2103,0.35
2104,0.35
2105,0.35
2106,0.35
2107,0.35
2108,0.35
2109,0.35
2110,0.35
2111,0.35
2112,0.35
2113,0.35
2114,0.35
2115,0.35
2116,0.35
2117,0.35
2118,0.35
2119,0.35
2120,0.35
2121,0.35
2122,0.35
2123,0.35
2124,0.35
2125,0.35
2126,0.35
2127,0.35
2128,0.35
2129,0.35
2130,0.35
2131,0.35
2132,0.35
2133,0.35
2134,0.35
2135,0.35
2136,0.35
2137,0.35
2138,0.35
2139,0.35
2140,0.35
2141,0.35
2142,0.35
2143,0.35
2144,0.35
2145,0.35
2146,0.35
2147,0.35
2148,0.35
2149,0.35
2150,0.35
2151,0.35
2152,0.35
2153,0.35
2154,0.35
2155,0.35
2156,0.35
2157,0.35
2158,0.35
2159,0.35
2160,0.35
2161,0.35
2162,0.35
2163,0.35
2164,0.35
2165,0.35
2166,0.35
2167,0.35
2168,0.35
2169,0.35
2170,0.35
2171,0.35
2172,0.35
2173,0.35
2174,0.35
2175,0.35
2176,0.35
2177,0.35
2178,0.35
2179,0.35
2180,0.35
2181,0.35
2182,0.35
2183,0.35
2184,0.35
2185,0.35
2186,0.35
2187,0.35
2188,0.35
2189,0.35
2190,0.35
2191,0.35
2192,0.35
2193,0.35
2194,0.35
2195,0.35
2196,0.35
2197,0.35
2198,0.35
2199,0.35
2200,0.35
2201,0.35
2202,0.35
2203,0.35
2204,0.35
2205,0.35
2206,0.35
2207,0.35
2208,0.35
2209,0.35
2210,0.35
2211,0.35
2212,0.35
2213,0.35
2214,0.35
2215,0.35
2216,0.35
2217,0.35
2218,0.35
2219,0.35
2220,0.35
2221,0.35
2222,0.35
2223,0.35
2224,0.35
2225,0.35
2226,0.35
2227,0.35
2228,0.35
2229,0.35
2230,0.35
2231,0.35
2232,0.35
2233,0.35
2234,0.35
2235,0.35
2236,0.35
2237,0.35
2238,0.35
2239,0.35
2240,0.35
2241,0.35
2242,0.35
2243,0.35
2244,0.35
2245,0.35
2246,0.35
2247,0.35
2248,0.35
2249,0.35
2250,0.35
2251,0.35
2252,0.35
2253,0.35
2254,0.35
2255,0.35
2256,0.35
2257,0.35
2258,0.35
2259,0.35
2260,0.35
2261,0.35
2262,0.35
2263,0.35
2264,0.35
2265,0.35
2266,0.35
2267,0.35
2268,0.35
2269,0.35
2270,0.35
2271,0.35
2272,0.35
2273,0.35
2274,0.35
2275,0.35
2276,0.35
2277,0.35
2278,0.35
2279,0.35
2280,0.35
2281,0.35
2282,0.35
2283,0.35
2284,0.35
2285,0.35
2286,0.35
2287,0.35
2288,0.35
2289,0.35
2290,0.35
2291,0.35
2292,0.35
2293,0.35
2294,0.35
2295,0.35
2296,0.35
2297,0.35
2298,0.35
2299,0.35
2300,0.35
2301,0.35
2302,0.35
2303,0.35
2304,0.35
2305,0.35
2306,0.35
2307,0.35
2308,0.35
2309,0.35
2310,0.35
2311,0.35
2312,0.35
2313,0.35
2314,0.35
2315,0.35
2316,0.35
2317,0.35
2318,0.35
2319,0.35
2320,0.35
2321,0.35
2322,0.35
2323,0.35
2324,0.35
2325,0.35
2326,0.35
2327,0.35
2328,0.35
2329,0.35
2330,0.35
2331,0.35
2332,0.35
2333,0.35
2334,0.35
2335,0.35
2336,0.35
2337,0.35
2338,0.35
2339,0.35
2340,0.35
2341,0.35
2342,0.35
2343,0.35
2344,0.35
2345,0.35
2346,0.35
2347,0.35
2348,0.35
2349,0.35
2350,0.35
2351,0.35
2352,0.35
2353,0.35
2354,0.35
2355,0.35
2356,0.35
2357,0.35
2358,0.35
2359,0.35
2360,0.35
2361,0.35
2362,0.35
2363,0.35
2364,0.35
2365,0.35
2366,0.35
2367,0.35
2368,0.35
2369,0.35
2370,0.35
2371,0.35
2372,0.35
2373,0.35
2374,0.35
2375,0.35
2376,0.35
2377,0.35
2378,0.35
2379,0.35
2380,0.35
2381,0.35
2382,0.35
2383,0.35
2384,0.35
2385,0.35
2386,0.35
2387,0.35
2388,0.35
2389,0.35
2390,0.35
2391,0.35
2392,0.35
2393,0.35
2394,0.35
2395,0.35
2396,0.35
2397,0.35
2398,0.35
2399,0.35
2400,0.35
2401,0.35
2402,0.35
2403,0.35
2404,0.35
2405,0.35
2406,0.35
2407,0.35
2408,0.35
2409,0.35
2410,0.35
2411,0.35
2412,0.35
2413,0.35
2414,0.35
2415,0.35
2416,0.35
2417,0.35
2418,0.35
2419,0.35
2420,0.35
2421,0.35
2422,0.35
2423,0.35
2424,0.35
2425,0.35
2426,0.35
2427,0.35
2428,0.35
2429,0.35
2430,0.35
2431,0.35
2432,0.35
2433,0.35
2434,0.35
2435,0.35
2436,0.35
2437,0.35
2438,0.35
2439,0.35
2440,0.35
2441,0.35
2442,0.35
2443,0.35
2444,0.35
2445,0.35
2446,0.35
2447,0.35
2448,0.35
2449,0.35
2450,0.35
2451,0.35
2452,0.35
2453,0.35
2454,0.35
2455,0.35
2456,0.35
2457,0.35
2458,0.35
2459,0.35
2460,0.35
2461,0.35
2462,0.35
2463,0.35
2464,0.35
2465,0.35
2466,0.35
2467,0.35
2468,0.35
2469,0.35
2470,0.35
2471,0.35
2472,0.35
2473,0.35
2474,0.35
2475,0.35
2476,0.35
2477,0.35
2478,0.35
2479,0.35
2480,0.35
2481,0.35
2482,0.35
2483,0.35
2484,0.35
2485,0.35
2486,0.35
2487,0.35
2488,0.35
2489,0.35
2490,0.35
2491,0.35
2492,0.35
2493,0.35
2494,0.35
2495,0.35
2496,0.35
2497,0.35
2498,0.35
2499,0.35
2500,0.35
2501,0.35
2502,0.35
2503,0.35
2504,0.35
2505,0.35
2506,0.35
2507,0.35
2508,0.35
2509,0.35
2510,0.35
2511,0.35
2512,0.35
2513,0.35
2514,0.35
2515,0.35
2516,0.35
2517,0.35
2518,0.35
2519,0.35
2520,0.35
2521,0.35
2522,0.35
2523,0.35
2524,0.35
2525,0.35
2526,0.35
2527,0.35
2528,0.35
2529,0.35
2530,0.35
2531,0.35
2532,0.35
2533,0.35
2534,0.35
2535,0.35
2536,0.35
2537,0.35
2538,0.35
2539,0.35
2540,0.35
2541,0.35
2542,0.35
2543,0.35
2544,0.35
2545,0.35
2546,0.35
2547,0.35
2548,0.35
2549,0.35
2550,0.35
2551,0.35
2552,0.35
2553,0.35
2554,0.35
2555,0.35
2556,0.35
2557,0.35
2558,0.35
2559,0.35
2560,0.35
2561,0.35
2562,0.35
2563,0.35
2564,0.35
2565,0.35
2566,0.35
2567,0.35
2568,0.35
2569,0.35
2570,0.35
2571,0.35
2572,0.35
2573,0.35
2574,0.35
2575,0.35
2576,0.35
2577,0.35
2578,0.35
2579,0.35
2580,0.35
2581,0.35
2582,0.35
2583,0.35
2584,0.35
2585,0.35
2586,0.35
2587,0.35
2588,0.35
2589,0.35
2590,0.35
2591,0.35
2592,0.35
2593,0.35
2594,0.35
2595,0.35
2596,0.35
2597,0.35
2598,0.35
2599,0.35
2600,0.35
2601,0.35
2602,0.35
2603,0.35
2604,0.35
2605,0.35
2606,0.35
2607,0.35
2608,0.35
2609,0.35
2610,0.35
2611,0.35
2612,0.35
2613,0.35
2614,0.35
2615,0.35
2616,0.35
2617,0.35
2618,0.35
2619,0.35
2620,0.35
2621,0.35
2622,0.35
2623,0.35
2624,0.35
2625,0.35
2626,0.35
2627,0.35
2628,0.35
2629,0.35
2630,0.35
2631,0.35
2632,0.35
2633,0.35
2634,0.35
2635,0.35
2636,0.35
2637,0.35
2638,0.35
2639,0.35
2640,0.35
2641,0.35
2642,0.35
2643,0.35
2644,0.35
2645,0.35
2646,0.35
2647,0.35
2648,0.35
2649,0.35
2650,0.35
2651,0.35
2652,0.35
2653,0.35
2654,0.35
2655,0.35
2656,0.35
2657,0.35
2658,0.35
2659,0.35
2660,0.35
2661,0.35
2662,0.35
2663,0.35
2664,0.35
2665,0.35
2666,0.35
2667,0.35
2668,0.35
2669,0.35
2670,0.35
2671,0.35
2672,0.35
2673,0.35
2674,0.35
2675,0.35
2676,0.35
2677,0.35
2678,0.35
2679,0.35
2680,0.35
2681,0.35
2682,0.35
2683,0.35
2684,0.35
2685,0.35
2686,0.35
2687,0.35
2688,0.35
2689,0.35
2690,0.35
2691,0.35
2692,0.35
2693,0.35
2694,0.35
2695,0.35
2696,0.35
2697,0.35
2698,0.35
2699,0.35
2700,0.35
2701,0.35
2702,0.35
2703,0.35
2704,0.35
2705,0.35
2706,0.35
2707,0.35
2708,0.35
2709,0.35
2710,0.35
2711,0.35
2712,0.35
2713,0.35
2714,0.35
2715,0.35
2716,0.35
2717,0.35
2718,0.35
2719,0.35
2720,0.35
2721,0.35
2722,0.35
2723,0.35
2724,0.35
2725,0.35
2726,0.35
2727,0.35
2728,0.35
2729,0.35
2730,0.35
2731,0.35
2732,0.35
2733,0.35
2734,0.35
2735,0.35
2736,0.35
2737,0.35
2738,0.35
2739,0.35
2740,0.35
2741,0.35
2742,0.35
2743,0.35
2744,0.35
2745,0.35
2746,0.35
2747,0.35
2748,0.35
2749,0.35
2750,0.35
2751,0.35
2752,0.35
2753,0.35
2754,0.35
2755,0.35
2756,0.35
2757,0.35
2758,0.35
2759,0.35
2760,0.35
2761,0.35
2762,0.35
2763,0.35
2764,0.35
2765,0.35
2766,0.35
2767,0.35
2768,0.35
2769,0.35
2770,0.35
2771,0.35
2772,0.35
2773,0.35
2774,0.35
2775,0.35
2776,0.35
2777,0.35
2778,0.35
2779,0.35
2780,0.35
2781,0.35
2782,0.35
2783,0.35
2784,0.35
2785,0.35
2786,0.35
2787,0.35
2788,0.35
2789,0.35
2790,0.35
2791,0.35
2792,0.35
2793,0.35
2794,0.35
2795,0.35
2796,0.35
2797,0.35
2798,0.35
2799,0.35
2800,0.35
2801,0.35
2802,0.35
2803,0.35
2804,0.35
2805,0.35
2806,0.35
2807,0.35
2808,0.35
2809,0.35
2810,0.35
2811,0.35
2812,0.35
2813,0.35
2814,0.35
2815,0.35
2816,0.35
2817,0.35
2818,0.35
2819,0.35
2820,0.35
2821,0.35
2822,0.35
2823,0.35
2824,0.35
2825,0.35
2826,0.35
2827,0.35
2828,0.35
2829,0.35
2830,0.35
2831,0.35
2832,0.35
2833,0.35
2834,0.35
2835,0.35
2836,0.35
2837,0.35
2838,0.35
2839,0.35
2840,0.35
2841,0.35
2842,0.35
2843,0.35
2844,0.35
2845,0.35
2846,0.35
2847,0.35
2848,0.35
2849,0.35
2850,0.35
2851,0.35
2852,0.35
2853,0.35
2854,0.35
2855,0.35
2856,0.35
2857,0.35
2858,0.35
2859,0.35
2860,0.35
2861,0.35
2862,0.35
2863,0.35
2864,0.35
2865,0.35
2866,0.35
2867,0.35
2868,0.35
2869,0.35
2870,0.35
2871,0.35
2872,0.35
2873,0.35
2874,0.35
2875,0.35
2876,0.35
2877,0.35
2878,0.35
2879,0.35
2880,0.35
2881,0.35
2882,0.35
2883,0.35
2884,0.35
2885,0.35
2886,0.35
2887,0.35
2888,0.35
2889,0.35
2890,0.35
2891,0.35
2892,0.35
2893,0.35
2894,0.35
2895,0.35
2896,0.35
2897,0.35
2898,0.35
2899,0.35
2900,0.35
2901,0.35
2902,0.35
2903,0.35
2904,0.35
2905,0.35
2906,0.35
2907,0.35
2908,0.35
2909,0.35
2910,0.35
2911,0.35
2912,0.35
2913,0.35
2914,0.35
2915,0.35
2916,0.35
2917,0.35
2918,0.35
2919,0.35
2920,0.35
2921,0.35
2922,0.35
2923,0.35
2924,0.35
2925,0.35
2926,0.35
2927,0.35
2928,0.35
2929,0.35
2930,0.35
2931,0.35
2932,0.35
2933,0.35
2934,0.35
2935,0.35
2936,0.35
2937,0.35
2938,0.35
2939,0.35
2940,0.35
2941,0.35
2942,0.35
2943,0.35
2944,0.35
2945,0.35
2946,0.35
2947,0.35
2948,0.35
2949,0.35
2950,0.35
2951,0.35
2952,0.35
2953,0.35
2954,0.35
2955,0.35
2956,0.35
2957,0.35
2958,0.35
2959,0.35
2960,0.35
2961,0.35
2962,0.35
2963,0.35
2964,0.35
2965,0.35
2966,0.35
2967,0.35
2968,0.35
2969,0.35
2970,0.35
2971,0.35
2972,0.35
2973,0.35
2974,0.35
2975,0.35
2976,0.35
2977,0.35
2978,0.35
2979,0.35
2980,0.35
2981,0.35
2982,0.35
2983,0.35
2984,0.35
2985,0.35
2986,0.35
2987,0.35
2988,0.35
2989,0.35
2990,0.35
2991,0.35
2992,0.35
2993,0.35
2994,0.35
2995,0.35
2996,0.35
2997,0.35
2998,0.35
2999,0.35
3000,0.35
3001,0.35
3002,0.35
3003,0.35
3004,0.35
3005,0.35
3006,0.35
3007,0.35
3008,0.35
3009,0.35
3010,0.35
3011,0.35
3012,0.35
3013,0.35
3014,0.35
3015,0.35
3016,0.35
3017,0.35
3018,0.35
3019,0.35
3020,0.35
3021,0.35
3022,0.35
3023,0.35
3024,0.35
3025,0.35
3026,0.35
3027,0.35
3028,0.35
3029,0.35
3030,0.35
3031,0.35
3032,0.35
3033,0.35
3034,0.35
3035,0.35
3036,0.35
3037,0.35
3038,0.35
3039,0.35
3040,0.35
3041,0.35
3042,0.35
3043,0.35
3044,0.35
3045,0.35
3046,0.35
3047,0.35
3048,0.35
3049,0.35
3050,0.35
3051,0.35
3052,0.35
3053,0.35
3054,0.35
3055,0.35
3056,0.35
3057,0.35
3058,0.35
3059,0.35
3060,0.35
3061,0.35
3062,0.35
3063,0.35
3064,0.35
3065,0.35
3066,0.35
3067,0.35
3068,0.35
3069,0.35
3070,0.35
3071,0.35
3072,0.35
3073,0.35
3074,0.35
3075,0.35
3076,0.35
3077,0.35
3078,0.35
3079,0.35
3080,0.35
3081,0.35
3082,0.35
3083,0.35
3084,0.35
3085,0.35
3086,0.35
3087,0.35
3088,0.35
3089,0.35
3090,0.35
3091,0.35
3092,0.35
3093,0.35
3094,0.35
3095,0.35
3096,0.35
3097,0.35
3098,0.35
3099,0.35
3100,0.35
3101,0.35
3102,0.35
3103,0.35
3104,0.35
3105,0.35
3106,0.35
3107,0.35
3108,0.35
3109,0.35
3110,0.35
3111,0.35
3112,0.35
3113,0.35
3114,0.35
3115,0.35
3116,0.35
3117,0.35
3118,0.35
3119,0.35
3120,0.35
3121,0.35
3122,0.35
3123,0.35
3124,0.35
3125,0.35
3126,0.35
3127,0.35
3128,0.35
3129,0.35
3130,0.35
3131,0.35
3132,0.35
3133,0.35
3134,0.35
3135,0.35
3136,0.35
3137,0.35
3138,0.35
3139,0.35
3140,0.35
3141,0.35
3142,0.35
3143,0.35
3144,0.35
3145,0.35
3146,0.35
3147,0.35
3148,0.35
3149,0.35
3150,0.35
3151,0.35
3152,0.35
3153,0.35
3154,0.35
3155,0.35
3156,0.35
3157,0.35
3158,0.35
3159,0.35
3160,0.35
3161,0.35
3162,0.35
3163,0.35
3164,0.35
3165,0.35
3166,0.35
3167,0.35
3168,0.35
3169,0.35
3170,0.35
3171,0.35
3172,0.35
3173,0.35
3174,0.35
3175,0.35
3176,0.35
3177,0.35
3178,0.35
3179,0.35
3180,0.35
3181,0.35
3182,0.35
3183,0.35
3184,0.35
3185,0.35
3186,0.35
3187,0.35
3188,0.35
3189,0.35
3190,0.35
3191,0.35
3192,0.35
3193,0.35
3194,0.35
3195,0.35
3196,0.35
3197,0.35
3198,0.35
3199,0.35
3200,0.35
3201,0.35
3202,0.35
3203,0.35
3204,0.35
3205,0.35
3206,0.35
3207,0.35
3208,0.35
3209,0.35
3210,0.35
3211,0.35
3212,0.35
3213,0.35
3214,0.35
3215,0.35
3216,0.35
3217,0.35
3218,0.35
3219,0.35
3220,0.35
3221,0.35
3222,0.35
3223,0.35
3224,0.35
3225,0.35
3226,0.35
3227,0.35
3228,0.35
3229,0.35
3230,0.35
3231,0.35
3232,0.35
3233,0.35
3234,0.35
3235,0.35
3236,0.35
3237,0.35
3238,0.35
3239,0.35
3240,0.35
3241,0.35
3242,0.35
3243,0.35
3244,0.35
3245,0.35
3246,0.35
3247,0.35
3248,0.35
3249,0.35
3250,0.35
3251,0.35
3252,0.35
3253,0.35
3254,0.35
3255,0.35
3256,0.35
3257,0.35
3258,0.35
3259,0.35
3260,0.35
3261,0.35
3262,0.4
3263,0.4
3264,0.4
3265,0.4
3266,0.4
3267,0.4
3268,0.4
3269,0.4
3270,0.4
3271,0.4
3272,0.4
3273,0.4
3274,0.4
3275,0.4
3276,0.4
3277,0.4
3278,0.4
3279,0.4
3280,0.4
3281,0.4
3282,0.4
3283,0.4
3284,0.4
3285,0.4
3286,0.4
3287,0.4
3288,0.4
3289,0.4
3290,0.4
3291,0.4
3292,0.4
3293,0.4
3294,0.4
3295,0.4
3296,0.4
3297,0.4
3298,0.4
3299,0.4
3300,0.4
3301,0.4
3302,0.4
3303,0.4
3304,0.4
3305,0.4
3306,0.4
3307,0.4
3308,0.4
3309,0.4
3310,0.4
3311,0.4
3312,0.4
3313,0.4
3314,0.4
3315,0.4
3316,0.4
3317,0.4
3318,0.4
3319,0.4
3320,0.4
3321,0.4
3322,0.4
3323,0.4
3324,0.4
3325,0.4
3326,0.4
3327,0.4
3328,0.4
3329,0.4
3330,0.4
3331,0.4
3332,0.4
3333,0.4
3334,0.4
3335,0.4
3336,0.4
3337,0.4
3338,0.4
3339,0.4
3340,0.4
3341,0.4
3342,0.4
3343,0.4
3344,0.4
3345,0.4
3346,0.4
3347,0.4
3348,0.4
3349,0.4
3350,0.4
3351,0.4
3352,0.4
3353,0.4
3354,0.4
3355,0.4
3356,0.4
3357,0.4
3358,0.4
3359,0.4
3360,0.4
3361,0.4
3362,0.4
3363,0.4
3364,0.4
3365,0.4
3366,0.4
3367,0.4
3368,0.4
3369,0.4
3370,0.4
3371,0.4
3372,0.4
3373,0.4
3374,0.4
3375,0.4
3376,0.4
3377,0.4
3378,0.4
3379,0.4
3380,0.4
3381,0.4
3382,0.4
3383,0.4
3384,0.4
3385,0.4
3386,0.4
3387,0.4
3388,0.4
3389,0.4
3390,0.4
3391,0.4
3392,0.4
3393,0.4
3394,0.4
3395,0.4
3396,0.4
3397,0.4
3398,0.4
3399,0.4
3400,0.4
3401,0.4
3402,0.4
3403,0.4
3404,0.4
3405,0.4
3406,0.4
3407,0.4
3408,0.4
3409,0.4
3410,0.4
3411,0.4
3412,0.4
3413,0.4
3414,0.4
3415,0.4
3416,0.4
3417,0.4
3418,0.4
3419,0.4
3420,0.4
3421,0.4
3422,0.4
3423,0.4
3424,0.4
3425,0.4
3426,0.4
3427,0.4
3428,0.4
3429,0.4
3430,0.4
3431,0.4
3432,0.4
3433,0.4
3434,0.4
3435,0.4
3436,0.4
3437,0.4
3438,0.4
3439,0.4
3440,0.4
3441,0.4
3442,0.4
3443,0.4
3444,0.4
3445,0.4
3446,0.4
3447,0.4
3448,0.4
3449,0.4
3450,0.4
3451,0.4
3452,0.4
3453,0.4
3454,0.4
3455,0.4
3456,0.4
3457,0.4
3458,0.4
3459,0.4
3460,0.4
3461,0.4
3462,0.4
3463,0.4
3464,0.4
3465,0.4
3466,0.4
3467,0.4
3468,0.4
3469,0.4
3470,0.4
3471,0.4
3472,0.4
3473,0.4
3474,0.4
3475,0.4
3476,0.4
3477,0.4
3478,0.4
3479,0.4
3480,0.4
3481,0.4
3482,0.4
3483,0.4
3484,0.4
3485,0.4
3486,0.4
3487,0.4
3488,0.4
3489,0.4
3490,0.4
3491,0.4
3492,0.4
3493,0.4
3494,0.4
3495,0.4
3496,0.4
3497,0.4
3498,0.4
3499,0.4
3500,0.4
3501,0.4
3502,0.4
3503,0.4
3504,0.4
3505,0.4
3506,0.4
3507,0.4
3508,0.4
3509,0.4
3510,0.4
3511,0.4
3512,0.4
3513,0.4
3514,0.4
3515,0.4
3516,0.4
3517,0.4
3518,0.4
3519,0.4
3520,0.4
3521,0.4
3522,0.4
3523,0.4
3524,0.4
3525,0.4
3526,0.4
3527,0.4
3528,0.4
3529,0.4
3530,0.4
3531,0.4
3532,0.4
3533,0.4
3534,0.4
3535,0.4
3536,0.4
3537,0.4
3538,0.4
3539,0.4
3540,0.4
3541,0.4
3542,0.4
3543,0.4
3544,0.4
3545,0.4
3546,0.4
3547,0.4
3548,0.4
3549,0.4
3550,0.4
3551,0.4
3552,0.4
3553,0.4
3554,0.4
3555,0.4
3556,0.4
3557,0.4
3558,0.4
3559,0.4
3560,0.4
3561,0.4
3562,0.4
3563,0.4
3564,0.4
3565,0.4
3566,0.4
3567,0.4
3568,0.4
3569,0.4
3570,0.4
3571,0.4
3572,0.4
3573,0.4
3574,0.4
3575,0.4
3576,0.4
3577,0.4
3578,0.4
3579,0.4
3580,0.4
3581,0.4
3582,0.4
3583,0.4
3584,0.4
3585,0.4
3586,0.4
3587,0.4
3588,0.4
3589,0.4
3590,0.4
3591,0.4
3592,0.4
3593,0.4
3594,0.4
3595,0.4
3596,0.4
3597,0.4
3598,0.4
3599,0.4
3600,0.4
3601,0.4
3602,0.4
3603,0.4
3604,0.4
3605,0.4
3606,0.4
3607,0.4
3608,0.4
3609,0.4
3610,0.4
3611,0.4
3612,0.4
3613,0.4
3614,0.4
3615,0.4
3616,0.4
3617,0.4
3618,0.4
3619,0.4
3620,0.4
3621,0.4
3622,0.4
3623,0.4
3624,0.4
3625,0.4
3626,0.4
3627,0.4
3628,0.4
3629,0.4
3630,0.4
3631,0.4
3632,0.4
3633,0.4
3634,0.4
3635,0.4
3636,0.4
3637,0.4
3638,0.4
3639,0.4
3640,0.4
3641,0.4
3642,0.4
3643,0.4
3644,0.4
3645,0.4
3646,0.4
3647,0.4
3648,0.4
3649,0.4
3650,0.4
3651,0.4
3652,0.4
3653,0.4
3654,0.4
3655,0.4
3656,0.4
3657,0.4
3658,0.4
3659,0.4
3660,0.4
3661,0.4
3662,0.4
3663,0.4
3664,0.4
3665,0.4
3666,0.4
3667,0.4
3668,0.4
3669,0.4
3670,0.4
3671,0.4
3672,0.4
3673,0.4
3674,0.4
3675,0.4
3676,0.4
3677,0.4
3678,0.4
3679,0.4
3680,0.4
3681,0.4
3682,0.4
3683,0.4
3684,0.4
3685,0.4
3686,0.4
3687,0.4
3688,0.4
3689,0.4
3690,0.4
3691,0.4
3692,0.4
3693,0.4
3694,0.4
3695,0.4
3696,0.4
3697,0.4
3698,0.4
3699,0.4
3700,0.4
3701,0.4
3702,0.4
3703,0.4
3704,0.4
3705,0.4
3706,0.4
3707,0.4
3708,0.4
3709,0.4
3710,0.4
3711,0.4
3712,0.4
3713,0.4
3714,0.4
3715,0.4
3716,0.4
3717,0.4
3718,0.4
3719,0.4
3720,0.4
3721,0.4
3722,0.4
3723,0.4
3724,0.4
3725,0.4
3726,0.4
3727,0.4
3728,0.4
3729,0.4
3730,0.4
3731,0.4
3732,0.4
3733,0.4
3734,0.4
3735,0.4
3736,0.4
3737,0.4
3738,0.4
3739,0.4
3740,0.4
3741,0.4
3742,0.4
3743,0.4
3744,0.4
3745,0.4
3746,0.4
3747,0.4
3748,0.4
3749,0.4
3750,0.4
3751,0.4
3752,0.4
3753,0.4
3754,0.4
3755,0.4
3756,0.4
3757,0.4
3758,0.4
3759,0.4
3760,0.4
3761,0.4
3762,0.4
3763,0.4
3764,0.4
3765,0.4
3766,0.4
3767,0.4
3768,0.4
3769,0.4
3770,0.4
3771,0.4
3772,0.4
3773,0.4
3774,0.4
3775,0.4
3776,0.4
3777,0.4
3778,0.4
3779,0.4
3780,0.4
3781,0.4
3782,0.4
3783,0.4
3784,0.4
3785,0.4
3786,0.4
3787,0.4
3788,0.4
3789,0.4
3790,0.4
3791,0.4
3792,0.4
3793,0.4
3794,0.4
3795,0.4
3796,0.4
3797,0.4
3798,0.4
3799,0.4
3800,0.4
3801,0.4
3802,0.4
3803,0.4
3804,0.4
3805,0.4
3806,0.4
3807,0.4
3808,0.4
3809,0.4
3810,0.4
3811,0.4
3812,0.4
3813,0.4
3814,0.4
3815,0.4
3816,0.4
3817,0.4
3818,0.4
3819,0.4
3820,0.4
3821,0.4
3822,0.4
3823,0.4
3824,0.4
3825,0.4
3826,0.4
3827,0.4
3828,0.4
3829,0.4
3830,0.4
3831,0.4
3832,0.4
3833,0.4
3834,0.4
3835,0.4
3836,0.4
3837,0.4
3838,0.4
3839,0.4
3840,0.4
3841,0.4
3842,0.4
3843,0.4
3844,0.4
3845,0.4
3846,0.4
3847,0.4
3848,0.4
3849,0.4
3850,0.4
3851,0.4
3852,0.4
3853,0.4
3854,0.4
3855,0.4
3856,0.4
3857,0.4
3858,0.4
3859,0.4
3860,0.4
3861,0.4
3862,0.4
3863,0.4
3864,0.4
3865,0.4
3866,0.4
3867,0.4
3868,0.4
3869,0.4
3870,0.4
3871,0.4
3872,0.4
3873,0.4
3874,0.4
3875,0.4
3876,0.4
3877,0.4
3878,0.4
3879,0.4
3880,0.4
3881,0.4
3882,0.4
3883,0.4
3884,0.4
3885,0.4
3886,0.4
3887,0.4
3888,0.4
3889,0.4
3890,0.4
3891,0.4
3892,0.4
3893,0.4
3894,0.4
3895,0.4
3896,0.4
3897,0.4
3898,0.4
3899,0.4
3900,0.4
3901,0.4
3902,0.4
3903,0.4
3904,0.4
3905,0.4
3906,0.4
3907,0.4
3908,0.4
3909,0.4
3910,0.4
3911,0.4
3912,0.4
3913,0.4
3914,0.4
3915,0.4
3916,0.4
3917,0.4
3918,0.4
3919,0.4
3920,0.4
3921,0.4
3922,0.4
3923,0.4
3924,0.4
3925,0.4
3926,0.4
3927,0.4
3928,0.4
3929,0.4
3930,0.4
3931,0.4
3932,0.4
3933,0.4
3934,0.4
3935,0.4
3936,0.4
3937,0.4
3938,0.4
3939,0.4
3940,0.4
3941,0.4
3942,0.4
3943,0.4
3944,0.4
3945,0.4
3946,0.4
3947,0.4
3948,0.4
3949,0.4
3950,0.4
3951,0.4
3952,0.4
3953,0.4
3954,0.4
3955,0.4
3956,0.4
3957,0.4
3958,0.4
3959,0.4
3960,0.4
3961,0.4
3962,0.4
3963,0.4
3964,0.4
3965,0.4
3966,0.4
3967,0.4
3968,0.4
3969,0.4
3970,0.4
3971,0.4
3972,0.4
3973,0.4
3974,0.4
3975,0.4
3976,0.4
3977,0.4
3978,0.4
3979,0.4
3980,0.4
3981,0.4
3982,0.4
3983,0.4
3984,0.4
3985,0.4
3986,0.4
3987,0.4
3988,0.4
3989,0.4
3990,0.4
3991,0.4
3992,0.4
3993,0.4
3994,0.4
3995,0.4
3996,0.4
3997,0.4
3998,0.4
3999,0.4
4000,0.4
4001,0.4
4002,0.4
4003,0.4
4004,0.4
4005,0.4
4006,0.4
4007,0.4
4008,0.4
4009,0.4
4010,0.4
4011,0.4
4012,0.4
4013,0.4
4014,0.4
4015,0.4
4016,0.4
4017,0.4
4018,0.4
4019,0.4
4020,0.4
4021,0.4
4022,0.4
4023,0.4
4024,0.4
4025,0.4
4026,0.4
4027,0.4
4028,0.4
4029,0.4
4030,0.4
4031,0.4
4032,0.4
4033,0.4
4034,0.4
4035,0.4
4036,0.4
4037,0.4
4038,0.4
4039,0.4
4040,0.4
4041,0.4
4042,0.4
4043,0.4
4044,0.4
4045,0.4
4046,0.4
4047,0.4
4048,0.4
4049,0.4
4050,0.4
4051,0.4
4052,0.4
4053,0.4
4054,0.4
4055,0.4
4056,0.4
4057,0.4
4058,0.4
4059,0.4
4060,0.4
4061,0.4
4062,0.4
4063,0.4
4064,0.4
4065,0.4
4066,0.4
4067,0.4
4068,0.4
4069,0.4
4070,0.4
4071,0.4
4072,0.4
4073,0.4
4074,0.4
4075,0.4
4076,0.4
4077,0.4
4078,0.4
4079,0.4
4080,0.4
4081,0.4
4082,0.4
4083,0.4
4084,0.4
4085,0.4
4086,0.4
4087,0.4
4088,0.4
4089,0.4
4090,0.4
4091,0.4
4092,0.4
4093,0.4
4094,0.4
4095,0.4
4096,0.4
4097,0.4
4098,0.4
4099,0.4
4100,0.4
4101,0.4
4102,0.4
4103,0.4
4104,0.4
4105,0.4
4106,0.4
4107,0.4
4108,0.4
4109,0.4
4110,0.4
4111,0.4
4112,0.4
4113,0.4
4114,0.4
4115,0.4
4116,0.4
4117,0.4
4118,0.4
4119,0.4
4120,0.4
4121,0.4
4122,0.4
4123,0.4
4124,0.4
4125,0.4
4126,0.4
4127,0.4
4128,0.4
4129,0.4
4130,0.4
4131,0.4
4132,0.4
4133,0.4
4134,0.4
4135,0.4
4136,0.4
4137,0.4
4138,0.4
4139,0.4
4140,0.4
4141,0.4
4142,0.4
4143,0.4
4144,0.4
4145,0.4
4146,0.4
4147,0.4
4148,0.4
4149,0.4
4150,0.4
4151,0.4
4152,0.4
4153,0.4
4154,0.4
4155,0.4
4156,0.4
4157,0.4
4158,0.4
4159,0.4
4160,0.4
4161,0.4
4162,0.4
4163,0.4
4164,0.4
4165,0.4
4166,0.4
4167,0.4
4168,0.4
4169,0.4
4170,0.4
4171,0.4
4172,0.4
4173,0.4
4174,0.4
4175,0.4
4176,0.4
4177,0.4
4178,0.4
4179,0.4
4180,0.4
4181,0.4
4182,0.4
4183,0.4
4184,0.4
4185,0.4
4186,0.4
4187,0.4
4188,0.4
4189,0.4
4190,0.4
4191,0.4
4192,0.4
4193,0.4
4194,0.4
4195,0.4
4196,0.4
4197,0.4
4198,0.4
4199,0.4
4200,0.4
4201,0.4
4202,0.4
4203,0.4
4204,0.4
4205,0.4
4206,0.4
4207,0.4
4208,0.4
4209,0.4
4210,0.4
4211,0.4
4212,0.4
4213,0.4
4214,0.4
4215,0.4
4216,0.4
4217,0.4
4218,0.4
4219,0.4
4220,0.4
4221,0.4
4222,0.4
4223,0.4
4224,0.4
4225,0.4
4226,0.4
4227,0.4
4228,0.4
4229,0.4
4230,0.4
4231,0.4
4232,0.4
4233,0.4
4234,0.4
4235,0.4
4236,0.4
4237,0.4
4238,0.4
4239,0.4
4240,0.4
4241,0.4
4242,0.4
4243,0.4
4244,0.4
4245,0.4
4246,0.4
4247,0.4
4248,0.4
4249,0.4
4250,0.4
4251,0.4
4252,0.4
4253,0.4
4254,0.4
4255,0.4
4256,0.4
4257,0.4
4258,0.4
4259,0.4
4260,0.4
4261,0.4
4262,0.4
4263,0.4
4264,0.4
4265,0.4
4266,0.4
4267,0.4
4268,0.4
4269,0.4
4270,0.4
4271,0.4
4272,0.4
4273,0.4
4274,0.4
4275,0.4
4276,0.4
4277,0.4
4278,0.4
4279,0.4
4280,0.4
4281,0.4
4282,0.4
4283,0.4
4284,0.4
4285,0.4
4286,0.4
4287,0.4
4288,0.4
4289,0.4
4290,0.4
4291,0.4
4292,0.4
4293,0.4
4294,0.4
4295,0.4
4296,0.4
4297,0.4
4298,0.4
4299,0.4
4300,0.4
4301,0.4
4302,0.4
4303,0.4
4304,0.4
4305,0.4
4306,0.4
4307,0.4
4308,0.4
4309,0.4
4310,0.4
4311,0.4
4312,0.4
4313,0.4
4314,0.4
4315,0.4
4316,0.4
4317,0.4
4318,0.4
4319,0.4
4320,0.4
4321,0.4
4322,0.4
4323,0.4
4324,0.4
4325,0.4
4326,0.4
4327,0.4
4328,0.4
4329,0.4
4330,0.4
4331,0.4
4332,0.4
4333,0.4
4334,0.4
4335,0.4
4336,0.4
4337,0.4
4338,0.4
4339,0.4
4340,0.4
4341,0.4
4342,0.4
4343,0.4
4344,0.4
4345,0.4
4346,0.4
4347,0.4
4348,0.4
4349,0.4
4350,0.4
4351,0.4
4352,0.4
4353,0.4
4354,0.4
4355,0.4
4356,0.4
4357,0.4
4358,0.4
4359,0.4
4360,0.4
4361,0.4
4362,0.4
4363,0.4
4364,0.4
4365,0.4
4366,0.4
4367,0.4
4368,0.4
4369,0.4
4370,0.4
4371,0.4
4372,0.4
4373,0.4
4374,0.4
4375,0.4
4376,0.4
4377,0.4
4378,0.4
4379,0.4
4380,0.4
4381,0.4
4382,0.4
4383,0.4
4384,0.4
4385,0.4
4386,0.4
4387,0.4
4388,0.4
4389,0.4
4390,0.4
4391,0.4
4392,0.4
4393,0.4
4394,0.4
4395,0.4
4396,0.4
4397,0.4
4398,0.4
4399,0.4
4400,0.4
4401,0.4
4402,0.4
4403,0.4
4404,0.4
4405,0.4
4406,0.4
4407,0.4
4408,0.4
4409,0.4
4410,0.4
4411,0.4
4412,0.4
4413,0.4
4414,0.4
4415,0.4
4416,0.4
4417,0.4
4418,0.4
4419,0.4
4420,0.4
4421,0.4
4422,0.4
4423,0.4
4424,0.4
4425,0.4
4426,0.4
4427,0.4
4428,0.4
4429,0.4
4430,0.4
4431,0.4
4432,0.4
4433,0.4
4434,0.4
4435,0.4
4436,0.4
4437,0.4
4438,0.4
4439,0.4
4440,0.4
4441,0.4
4442,0.4
4443,0.4
4444,0.4
4445,0.4
4446,0.4
4447,0.4
4448,0.4
4449,0.4
4450,0.4
4451,0.4
4452,0.4
4453,0.4
4454,0.4
4455,0.4
4456,0.4
4457,0.4
4458,0.4
4459,0.4
4460,0.4
4461,0.4
4462,0.4
4463,0.4
4464,0.4
4465,0.4
4466,0.4
4467,0.4
4468,0.4
4469,0.4
4470,0.4
4471,0.4
4472,0.4
4473,0.4
4474,0.4
4475,0.4
4476,0.4
4477,0.4
4478,0.4
4479,0.4
4480,0.4
4481,0.4
4482,0.4
4483,0.4
4484,0.4
4485,0.4
4486,0.4
4487,0.4
4488,0.4
4489,0.4
4490,0.4
4491,0.4
4492,0.4
4493,0.4
4494,0.4
4495,0.4
4496,0.4
4497,0.4
4498,0.4
4499,0.4
4500,0.4
4501,0.4
4502,0.4
4503,0.4
4504,0.4
4505,0.4
4506,0.4
4507,0.4
4508,0.4
4509,0.4
4510,0.4
4511,0.4
4512,0.4
4513,0.4
4514,0.4
4515,0.4
4516,0.4
4517,0.4
4518,0.4
4519,0.4
4520,0.4
4521,0.4
4522,0.4
4523,0.4
4524,0.4
4525,0.4
4526,0.4
4527,0.4
4528,0.4
4529,0.4
4530,0.4
4531,0.4
4532,0.4
4533,0.4
4534,0.4
4535,0.4
4536,0.4
4537,0.4
4538,0.4
4539,0.4
4540,0.4
4541,0.4
4542,0.4
4543,0.4
4544,0.4
4545,0.4
4546,0.4
4547,0.4
4548,0.4
4549,0.4
4550,0.4
4551,0.4
4552,0.4
4553,0.4
4554,0.4
4555,0.4
4556,0.4
4557,0.4
4558,0.4
4559,0.4
4560,0.4
4561,0.4
4562,0.4
4563,0.4
4564,0.4
4565,0.4
4566,0.4
4567,0.4
4568,0.4
4569,0.4
4570,0.4
4571,0.4
4572,0.4
4573,0.4
4574,0.4
4575,0.4
4576,0.4
4577,0.4
4578,0.4
4579,0.4
4580,0.4
4581,0.4
4582,0.4
4583,0.4
4584,0.4
4585,0.4
4586,0.4
4587,0.4
4588,0.4
4589,0.4
4590,0.4
4591,0.4
4592,0.4
4593,0.4
4594,0.4
4595,0.4
4596,0.4
4597,0.4
4598,0.4
4599,0.4
4600,0.4
4601,0.4
4602,0.4
4603,0.4
4604,0.4
4605,0.4
4606,0.4
4607,0.4
4608,0.4
4609,0.4
4610,0.4
4611,0.4
4612,0.4
4613,0.4
4614,0.4
4615,0.4
4616,0.4
4617,0.4
4618,0.4
4619,0.4
4620,0.4
4621,0.4
4622,0.4
4623,0.4
4624,0.4
4625,0.4
4626,0.4
4627,0.4
4628,0.4
4629,0.4
4630,0.4
4631,0.4
4632,0.4
4633,0.4
4634,0.4
4635,0.4
4636,0.4
4637,0.4
4638,0.4
4639,0.4
4640,0.4
4641,0.4
4642,0.4
4643,0.4
4644,0.4
4645,0.4
4646,0.4
4647,0.4
4648,0.4
4649,0.4
4650,0.4
4651,0.4
4652,0.4
4653,0.4
4654,0.4
4655,0.4
4656,0.4
4657,0.4
4658,0.4
4659,0.4
4660,0.4
4661,0.4
4662,0.4
4663,0.4
4664,0.4
4665,0.4
4666,0.4
4667,0.4
4668,0.4
4669,0.4
4670,0.4
4671,0.4
4672,0.4
4673,0.4
4674,0.4
4675,0.4
4676,0.4
4677,0.4
4678,0.4
4679,0.4
4680,0.4
4681,0.4
4682,0.4
4683,0.4
4684,0.4
4685,0.4
4686,0.4
4687,0.4
4688,0.4
4689,0.4
4690,0.4
4691,0.4
4692,0.4
4693,0.4
4694,0.4
4695,0.4
4696,0.4
4697,0.4
4698,0.4
4699,0.4
4700,0.4
4701,0.4
4702,0.4
4703,0.4
4704,0.4
4705,0.4
4706,0.4
4707,0.4
4708,0.4
4709,0.4
4710,0.4
4711,0.4
4712,0.4
4713,0.4
4714,0.4
4715,0.4
4716,0.4
4717,0.4
4718,0.4
4719,0.4
4720,0.4
4721,0.4
4722,0.4
4723,0.4
4724,0.4
4725,0.4
4726,0.4
4727,0.4
4728,0.4
4729,0.4
4730,0.4
4731,0.4
4732,0.4
4733,0.4
4734,0.4
4735,0.4
4736,0.4
4737,0.4
4738,0.4
4739,0.4
4740,0.4
4741,0.4
4742,0.4
4743,0.4
4744,0.4
4745,0.4
4746,0.4
4747,0.4
4748,0.4
4749,0.4
4750,0.4
4751,0.4
4752,0.4
4753,0.4
4754,0.4
4755,0.4
4756,0.4
4757,0.4
4758,0.4
4759,0.4
4760,0.4
4761,0.4
4762,0.4
4763,0.4
4764,0.4
4765,0.4
4766,0.4
4767,0.4
4768,0.4
4769,0.4
4770,0.4
4771,0.4
4772,0.4
4773,0.4
4774,0.4
4775,0.4
4776,0.4
4777,0.4
4778,0.4
4779,0.4
4780,0.4
4781,0.4
4782,0.4
4783,0.4
4784,0.4
4785,0.4
4786,0.4
4787,0.4
4788,0.4
4789,0.4
4790,0.4
4791,0.4
4792,0.4
4793,0.4
4794,0.4
4795,0.4
4796,0.4
4797,0.4
4798,0.4
4799,0.4
4800,0.4
4801,0.4
4802,0.4
4803,0.4
4804,0.4
4805,0.4
4806,0.4
4807,0.4
4808,0.4
4809,0.4
4810,0.4
4811,0.4
4812,0.4
4813,0.4
4814,0.4
4815,0.4
4816,0.4
4817,0.4
4818,0.4
4819,0.4
4820,0.4
4821,0.4
4822,0.4
4823,0.4
4824,0.4
4825,0.4
4826,0.4
4827,0.4
4828,0.4
4829,0.4
4830,0.4
4831,0.4
4832,0.4
4833,0.4
4834,0.4
4835,0.4
4836,0.4
4837,0.4
4838,0.4
4839,0.4
4840,0.4
4841,0.4
4842,0.4
4843,0.4
4844,0.4
4845,0.4
4846,0.4
4847,0.4
4848,0.4
4849,0.4
4850,0.4
4851,0.4
4852,0.4
4853,0.4
4854,0.4
4855,0.4
4856,0.4
4857,0.4
4858,0.4
4859,0.4
4860,0.4
4861,0.4
4862,0.4
4863,0.4
4864,0.4
4865,0.4
4866,0.4
4867,0.4
4868,0.4
4869,0.4
4870,0.4
4871,0.4
4872,0.4
4873,0.4
4874,0.4
4875,0.4
4876,0.4
4877,0.4
4878,0.4
4879,0.4
4880,0.4
4881,0.4
4882,0.4
4883,0.4
4884,0.4
4885,0.4
4886,0.4
4887,0.4
4888,0.4
4889,0.4
4890,0.4
4891,0.4
4892,0.4
4893,0.4
4894,0.4
4895,0.4
4896,0.4
4897,0.4
4898,0.4
4899,0.4
4900,0.4
4901,0.4
4902,0.4
4903,0.4
4904,0.4
4905,0.4
4906,0.4
4907,0.4
4908,0.4
4909,0.4
4910,0.4
4911,0.4
4912,0.4
4913,0.4
4914,0.4
4915,0.4
4916,0.4
4917,0.4
4918,0.4
4919,0.4
4920,0.4
4921,0.4
4922,0.4
4923,0.4
4924,0.4
4925,0.4
4926,0.4
4927,0.4
4928,0.4
4929,0.4
4930,0.4
4931,0.4
4932,0.4
4933,0.4
4934,0.4
4935,0.4
4936,0.4
4937,0.4
4938,0.4
4939,0.4
4940,0.4
4941,0.4
4942,0.4
4943,0.4
4944,0.4
4945,0.4
4946,0.4
4947,0.4
4948,0.4
4949,0.4
4950,0.4
4951,0.4
4952,0.4
4953,0.4
4954,0.4
4955,0.4
4956,0.4
4957,0.4
4958,0.4
4959,0.4
4960,0.4
4961,0.4
4962,0.4
4963,0.4
4964,0.4
4965,0.4
4966,0.4
4967,0.4
4968,0.4
4969,0.4
4970,0.4
4971,0.4
4972,0.4
4973,0.4
4974,0.4
4975,0.4
4976,0.4
4977,0.4
4978,0.4
4979,0.4
4980,0.4
4981,0.4
4982,0.4
4983,0.4
4984,0.4
4985,0.4
4986,0.4
4987,0.4
4988,0.4
4989,0.4
4990,0.4
4991,0.4
4992,0.4
4993,0.4
4994,0.4
4995,0.4
4996,0.4
4997,0.4
4998,0.4
4999,0.4
5000,0.4
5001,0.4
5002,0.4
5003,0.4
5004,0.4
5005,0.4
5006,0.4
5007,0.4
5008,0.4
5009,0.4
5010,0.4
5011,0.4
5012,0.4
5013,0.4
5014,0.4
5015,0.4
5016,0.4
5017,0.4
5018,0.4
5019,0.4
5020,0.4
5021,0.4
5022,0.4
5023,0.4
5024,0.4
5025,0.4
5026,0.4
5027,0.4
5028,0.4
5029,0.4
5030,0.4
5031,0.4
5032,0.4
5033,0.4
5034,0.4
5035,0.4
5036,0.4
5037,0.4
5038,0.4
5039,0.4
5040,0.4
5041,0.4
5042,0.4
5043,0.4
5044,0.4
5045,0.4
5046,0.4
5047,0.4
5048,0.4
5049,0.4
5050,0.4
5051,0.4
5052,0.4
5053,0.4
5054,0.4
5055,0.4
5056,0.4
5057,0.4
5058,0.4
5059,0.4
5060,0.4
5061,0.4
5062,0.4
5063,0.4
5064,0.4
5065,0.4
5066,0.4
5067,0.4
5068,0.4
5069,0.4
5070,0.4
5071,0.4
5072,0.4
5073,0.4
5074,0.4
5075,0.4
5076,0.4
5077,0.4
5078,0.4
5079,0.4
5080,0.4
5081,0.4
5082,0.4
5083,0.4
5084,0.4
5085,0.4
5086,0.4
5087,0.4
5088,0.4
5089,0.4
5090,0.4
5091,0.4
5092,0.4
5093,0.4
5094,0.4
5095,0.4
5096,0.4
5097,0.4
5098,0.4
5099,0.4
5100,0.4
5101,0.4
5102,0.4
5103,0.4
5104,0.4
5105,0.4
5106,0.4
5107,0.4
5108,0.4
5109,0.4
5110,0.4
5111,0.4
5112,0.4
5113,0.4
5114,0.4
5115,0.4
5116,0.4
5117,0.4
5118,0.4
5119,0.4
5120,0.4
5121,0.4
5122,0.4
5123,0.4
5124,0.4
5125,0.4
5126,0.4
5127,0.4
5128,0.4
5129,0.4
5130,0.4
5131,0.4
5132,0.4
5133,0.4
5134,0.4
5135,0.4
5136,0.4
5137,0.4
5138,0.4
5139,0.4
5140,0.4
5141,0.4
5142,0.4
5143,0.4
5144,0.4
5145,0.4
5146,0.4
5147,0.4
5148,0.4
5149,0.4
5150,0.4
5151,0.4
5152,0.4
5153,0.4
5154,0.4
5155,0.4
5156,0.4
5157,0.4
5158,0.4
5159,0.4
5160,0.4
5161,0.4
5162,0.4
5163,0.4
5164,0.4
5165,0.4
5166,0.4
5167,0.4
5168,0.4
5169,0.4
5170,0.4
5171,0.4
5172,0.4
5173,0.4
5174,0.4
5175,0.4
5176,0.4
5177,0.4
5178,0.4
5179,0.4
5180,0.4
5181,0.4
5182,0.4
5183,0.4
5184,0.4
5185,0.4
5186,0.4
5187,0.4
5188,0.4
5189,0.4
5190,0.4
5191,0.4
5192,0.4
5193,0.4
5194,0.4
5195,0.4
5196,0.4
5197,0.4
5198,0.4
5199,0.4
5200,0.4
5201,0.4
5202,0.4
5203,0.4
5204,0.4
5205,0.4
5206,0.4
5207,0.4
5208,0.4
5209,0.4
5210,0.4
5211,0.4
5212,0.4
5213,0.4
5214,0.4
5215,0.4
5216,0.4
5217,0.4
5218,0.4
5219,0.4
5220,0.4
5221,0.4
5222,0.4
5223,0.4
5224,0.4
5225,0.4
5226,0.4
5227,0.4
5228,0.4
5229,0.4
5230,0.4
5231,0.4
5232,0.4
5233,0.4
5234,0.4
5235,0.4
5236,0.4
5237,0.4
5238,0.4
5239,0.4
5240,0.4
5241,0.4
5242,0.4
5243,0.4
5244,0.4
5245,0.4
5246,0.4
5247,0.4
5248,0.4
5249,0.4
5250,0.4
5251,0.4
5252,0.4
5253,0.4
5254,0.4
5255,0.4
5256,0.4
5257,0.4
5258,0.4
5259,0.4
5260,0.4
5261,0.4
5262,0.4
5263,0.4
5264,0.4
5265,0.4
5266,0.4
5267,0.4
5268,0.4
5269,0.4
5270,0.4
5271,0.4
5272,0.4
5273,0.4
5274,0.4
5275,0.4
5276,0.4
5277,0.4
5278,0.4
5279,0.4
5280,0.4
5281,0.4
5282,0.4
5283,0.4
5284,0.4
5285,0.4
5286,0.4
5287,0.4
5288,0.4
5289,0.4
5290,0.4
5291,0.4
5292,0.4
5293,0.4
5294,0.4
5295,0.4
5296,0.4
5297,0.4
5298,0.4
5299,0.4
5300,0.4
5301,0.4
5302,0.4
5303,0.4
5304,0.4
5305,0.4
5306,0.4
5307,0.4
5308,0.4
5309,0.4
5310,0.4
5311,0.4
5312,0.4
5313,0.4
5314,0.4
5315,0.4
5316,0.4
5317,0.4
5318,0.4
5319,0.4
5320,0.4
5321,0.4
5322,0.4
5323,0.4
5324,0.4
5325,0.4
5326,0.4
5327,0.4
5328,0.4
5329,0.4
5330,0.4
5331,0.4
5332,0.4
5333,0.4
5334,0.4
5335,0.4
5336,0.4
5337,0.4
5338,0.4
5339,0.4
5340,0.4
5341,0.4
5342,0.4
5343,0.4
5344,0.4
5345,0.4
5346,0.4
5347,0.4
5348,0.4
5349,0.4
5350,0.4
5351,0.4
5352,0.4
5353,0.4
5354,0.4
5355,0.4
5356,0.4
5357,0.4
5358,0.4
5359,0.4
5360,0.4
5361,0.4
5362,0.4
5363,0.4
5364,0.4
5365,0.4
5366,0.4
5367,0.4
5368,0.4
5369,0.4
5370,0.4
5371,0.4
5372,0.4
5373,0.4
5374,0.4
5375,0.4
5376,0.4
5377,0.4
5378,0.4
5379,0.4
5380,0.4
5381,0.4
5382,0.4
5383,0.4
5384,0.4
5385,0.4
5386,0.4
5387,0.4
5388,0.4
5389,0.4
5390,0.4
5391,0.4
5392,0.4
5393,0.4
5394,0.4
5395,0.4
5396,0.4
5397,0.4
5398,0.4
5399,0.4
5400,0.4
5401,0.4
5402,0.4
5403,0.4
5404,0.4
5405,0.4
5406,0.4
5407,0.4
5408,0.4
5409,0.4
5410,0.4
5411,0.4
5412,0.4
5413,0.4
5414,0.4
5415,0.4
5416,0.4
5417,0.4
5418,0.4
5419,0.4
5420,0.4
5421,0.4
5422,0.4
5423,0.4
5424,0.4
5425,0.4
5426,0.4
5427,0.4
5428,0.4
5429,0.4
5430,0.4
5431,0.4
5432,0.4
5433,0.4
5434,0.4
5435,0.4
5436,0.4
5437,0.4
5438,0.4
5439,0.4
5440,0.4
5441,0.4
5442,0.4
5443,0.4
5444,0.4
5445,0.4
5446,0.4
5447,0.4
5448,0.4
5449,0.4
5450,0.4
5451,0.4
5452,0.4
5453,0.4
5454,0.4
5455,0.4
5456,0.4
5457,0.4
5458,0.4
5459,0.4
5460,0.4
5461,0.4
5462,0.4
5463,0.4
5464,0.4
5465,0.4
5466,0.4
5467,0.4
5468,0.4
5469,0.4
5470,0.4
5471,0.4
5472,0.4
5473,0.4
5474,0.4
5475,0.4
5476,0.4
5477,0.4
5478,0.4
5479,0.4
5480,0.4
5481,0.4
5482,0.4
5483,0.4
5484,0.4
5485,0.4
5486,0.4
5487,0.4
5488,0.4
5489,0.4
5490,0.4
5491,0.4
5492,0.4
5493,0.4
5494,0.4
5495,0.4
5496,0.4
5497,0.4
5498,0.4
5499,0.4
5500,0.4
5501,0.4
5502,0.4
5503,0.4
5504,0.4
5505,0.4
5506,0.4
5507,0.4
5508,0.4
5509,0.4
5510,0.4
5511,0.4
5512,0.4
5513,0.4
5514,0.4
5515,0.4
5516,0.4
5517,0.4
5518,0.4
5519,0.4
5520,0.4
5521,0.4
5522,0.4
5523,0.4
5524,0.4
5525,0.4
5526,0.4
5527,0.4
5528,0.4
5529,0.4
5530,0.4
5531,0.4
5532,0.4
5533,0.4
5534,0.4
5535,0.4
5536,0.4
5537,0.4
5538,0.4
5539,0.4
5540,0.4
5541,0.4
5542,0.4
5543,0.4
5544,0.4
5545,0.4
5546,0.4
5547,0.4
5548,0.4
5549,0.4
5550,0.4
5551,0.4
5552,0.4
5553,0.4
5554,0.4
5555,0.4
5556,0.4
5557,0.4
5558,0.4
5559,0.4
5560,0.4
5561,0.4
5562,0.4
5563,0.4
5564,0.4
5565,0.4
5566,0.4
5567,0.4
5568,0.4
5569,0.4
5570,0.4
5571,0.4
5572,0.4
5573,0.4
5574,0.4
5575,0.4
5576,0.4
5577,0.4
5578,0.4
5579,0.4
5580,0.4
5581,0.4
5582,0.4
5583,0.4
5584,0.4
5585,0.4
5586,0.4
5587,0.4
5588,0.4
5589,0.4
5590,0.4
5591,0.4
5592,0.4
5593,0.4
5594,0.4
5595,0.4
5596,0.4
5597,0.4
5598,0.4
5599,0.4
5600,0.4
5601,0.4
5602,0.4
5603,0.4
5604,0.4
5605,0.4
5606,0.4
5607,0.4
5608,0.4
5609,0.4
5610,0.4
5611,0.4
5612,0.4
5613,0.4
5614,0.4
5615,0.4
5616,0.4
5617,0.4
5618,0.4
5619,0.4
5620,0.4
5621,0.4
5622,0.4
5623,0.4
5624,0.4
5625,0.4
5626,0.4
5627,0.4
5628,0.4
5629,0.4
5630,0.4
5631,0.4
5632,0.4
5633,0.4
5634,0.4
5635,0.4
5636,0.4
5637,0.4
5638,0.4
5639,0.4
5640,0.4
5641,0.4
5642,0.4
5643,0.4
5644,0.4
5645,0.4
5646,0.4
5647,0.4
5648,0.4
5649,0.4
5650,0.4
